﻿<?xml version="1.0" encoding="utf-8"?>
<HelpTOC>

  <HelpTOCNode Title="Welcome to the [TODO: Add project name]" Url="html/65e9cc50-1508-4aad-a4fd-6259d438a47e.htm" />
  <HelpTOCNode Id="89989831-5ab0-41bc-b29c-33462c184ff4" Title="Version History" Url="html/1a72e9ba-8ff1-452a-b20c-43e1068aae7e.htm">
    <HelpTOCNode Title="Version 1.0.0.0" Url="html/a3f9de9d-8424-4a5b-84f4-0bbe3cd0fed9.htm" />
  </HelpTOCNode>
  <HelpTOCNode Id="b1a893c2-e8c6-4889-947d-dca04754a0fd" Title="Lab6" Url="html/839d60f0-bde5-9343-6fcd-195ea3e1bada.htm">
    <HelpTOCNode Id="48956d91-32fc-44f1-9169-cf953810ba22" Title="Game1 Class" Url="html/19bed47f-8721-5709-3c77-b98fffc0aa56.htm">
      <HelpTOCNode Title="Game1 Constructor " Url="html/11b92ac1-ceab-3e46-a9b1-c95e6f546556.htm" />
      <HelpTOCNode Id="e6b38eec-0d51-4a75-9f31-24a45977a503" Title="Game1 Methods" Url="html/5eba0c80-a071-9ecf-df95-dcad5a0b24d9.htm">
        <HelpTOCNode Title="Draw Method " Url="html/2a322f23-afa4-1800-ef90-d72e73f2766f.htm" />
        <HelpTOCNode Title="Initialize Method " Url="html/2a72f02e-c369-689b-d21e-df3e0d082802.htm" />
        <HelpTOCNode Title="LoadContent Method " Url="html/c2af16d9-8ae0-6b73-414f-286de7e3ef96.htm" />
        <HelpTOCNode Title="UnloadContent Method " Url="html/f79d07f3-398d-9921-4498-96f26eab6193.htm" />
        <HelpTOCNode Title="Update Method " Url="html/72952e19-c13a-9917-8df2-802a4149f972.htm" />
      </HelpTOCNode>
      <HelpTOCNode Id="e3d9f24c-6d9c-4e45-91e5-d17c098b34bb" Title="Game1 Fields" Url="html/f216c4dc-38ca-31ff-5d65-60e03934dde2.htm">
        <HelpTOCNode Title="WindowHeight Field" Url="html/3cca5d45-4c79-7ebb-03e5-70284c83a0a1.htm" />
        <HelpTOCNode Title="WindowWidth Field" Url="html/56d46619-9047-1abf-3d67-607166300519.htm" />
      </HelpTOCNode>
    </HelpTOCNode>
    <HelpTOCNode Title="Program Class" Url="html/7fcce0dd-19a2-1e80-47b1-efe05e62273f.htm" />
    <HelpTOCNode Id="489ac8fe-69e7-44a4-b565-1a09c84f63f6" Title="TeddyBear Class" Url="html/719d33bf-90bb-69e3-1153-e731ea92111e.htm">
      <HelpTOCNode Id="c50d8936-c564-4df0-a76e-6ffd8e9eb375" Title="TeddyBear Constructor " Url="html/97b21c82-bd07-08f0-f6c0-c72cd1e43b79.htm">
        <HelpTOCNode Title="TeddyBear Constructor (ContentManager, String, Int32, Int32)" Url="html/9329a51a-d0cb-80dc-4936-b30f34b015bd.htm" />
        <HelpTOCNode Title="TeddyBear Constructor (ContentManager, String, Int32, Int32, Vector2)" Url="html/0174a1af-a14f-817d-689b-e728a1ade7c0.htm" />
      </HelpTOCNode>
      <HelpTOCNode Id="aadeff8f-2877-421f-b532-2d7001179c39" Title="TeddyBear Methods" Url="html/214e4d48-2a36-5555-d490-f75773e15a40.htm">
        <HelpTOCNode Title="Draw Method " Url="html/7649ab4f-0ebc-92ce-8af9-abab9f7f2c5e.htm" />
        <HelpTOCNode Title="Update Method " Url="html/f0224b42-0b99-e483-9571-b5f573a94d3b.htm" />
      </HelpTOCNode>
    </HelpTOCNode>
  </HelpTOCNode>
</HelpTOC>
